,Hearing,Learning,Mental Health,Other (Hand/Leg),Vision,Eligibility,Salary,Title,Location
18,1,0,0,1,0,High school diploma or GED,10000,Manufacturing Electrician,UP
1,1,0,0,0,0,Bachelors degree,9000,Distribution Operations,Maharashtra
6,1,0,0,0,0,Chemical Engineering,9000,Quality Engineer,Tamil Nadu
44,1,0,0,1,0,B.E./B.Tech,10000,Junior Engineer,Kerela
75,0,0,0,1,0,Dental,30000,Medical Assistant - Ortho,MP
38,0,1,0,0,0,Bachelors Degree,15000,Financial Counselor,Delhi
64,1,0,0,1,0,MD,10000,Clinical Trial Regulatory Research Specialist,Kashmir
62,0,0,0,0,0,BSN,5000,Staff Nurse Outpatient,Kerala
78,1,0,0,1,0,MBBS,45000,Radiographer,Delhi
14,1,0,1,0,0,English Language,3000,Housekeeping Tech,MP
79,1,0,0,0,0,Computer Science,30000,Procedure Technician,Maharashtra
95,1,1,0,0,0,ASN,9000,Sterilizing Tech,Maharashtra
70,1,0,0,1,0,High School Diploma,15000,Manufacturing Technician,Karnataka
49,1,0,0,1,0,PMP certification,45000,Project Manager,Tamil Nadu
39,1,1,0,0,0,Bachelors Degree in Finance,35000,Insurance Adviser,West Bengal
23,1,0,0,0,0,UG/PG,45000,English Teacher,Delhi
70,1,0,0,1,0,High School Diploma,15000,Manufacturing Technician,Karnataka
39,1,1,0,0,0,Bachelors Degree in Finance,35000,Insurance Adviser,West Bengal
18,1,0,0,1,0,High school diploma or GED,10000,Manufacturing Electrician,UP
65,1,1,0,1,0,MBBS,25000,Telemetry Technician,Maharashtra
29,1,0,0,0,0,High School Diploma/GED equivalent,7000,Warehouse/Forklift Operator,Kerela
4,1,0,1,1,0,High School diploma,12000,Materials Service Coordinator II,Kashmir
23,1,0,0,0,0,UG/PG,45000,English Teacher,Delhi
11,0,0,0,1,0,High School diploma,10000,Patient Access Specialist,Tamil Nadu
78,1,0,0,1,0,MBBS,45000,Radiographer,Delhi
9,0,0,0,1,0,MBBS,30000,Medical Assistant,Maharashtra
28,1,0,0,1,0,UG/PG in Management,40000,Assistant Project Manger,Karnataka
10,0,0,0,1,0,High School Diploma/GED equivalent,8000,Health Unit Coordinator-Labor and Delivery,Kerela
97,1,0,0,1,0,Computer Science,40000,Resource Coordinator Imaging,Delhi
86,0,0,0,0,0,High School Diploma,15000,Operator Services Specialist,Kashmir
21,1,0,0,0,0,UG,25000,Non Sales Associate,Punjab
44,1,0,0,1,0,B.E./B.Tech,10000,Junior Engineer,Kerela
13,1,0,0,1,0,Doctoral,15000,Physician ,Delhi
86,0,0,0,0,0,High School Diploma,15000,Operator Services Specialist,Kashmir
26,0,0,1,1,0,B.Ed in Education,5000,Drama Teacher,MP
21,1,0,0,0,0,UG,25000,Non Sales Associate,Punjab
93,0,0,0,1,0,MBBS,30000,Immediate Care Center Physician,Delhi
28,1,0,0,1,0,UG/PG in Management,40000,Assistant Project Manger,Karnataka
97,1,0,0,1,0,Computer Science,40000,Resource Coordinator Imaging,Delhi
10,0,0,0,1,0,High School Diploma/GED equivalent,8000,Health Unit Coordinator-Labor and Delivery,Kerela
92,0,0,0,1,0,ASN,15000,Float Clinical Nurse- Regional Medical Group,Tamil Nadu
78,1,0,0,1,0,MBBS,45000,Radiographer,Delhi
71,0,0,0,1,0,Computer Science,25000,ED Technician,Maharashtra
11,0,0,0,1,0,High School diploma,10000,Patient Access Specialist,Tamil Nadu
83,0,1,0,1,0,ASN,10000,Safety Companion,Punjab
42,1,0,0,0,1,B.E./B.Tech,25000,Assistant Engineer,West Bengal
10,0,0,0,1,0,High School Diploma/GED equivalent,8000,Health Unit Coordinator-Labor and Delivery,Kerela
52,0,0,0,1,0,MBBS,30000,Adult Psychiatrist,Maharashtra
85,0,0,0,1,0,ASN,5000,Medical Assistant,Kerala
35,1,0,0,1,0,Chemical Engineering,10000,Quality Engineer,UP
5,0,0,0,1,0,Bachelors degree,25000,Financial Counselor,Maharashtra
14,1,0,1,0,0,English Language,3000,Housekeeping Tech,MP
16,1,0,0,0,0,Bachelor's degree in psychology,4500,Intake Coordinator - Psychiatry,West Bengal
23,1,0,0,0,0,UG/PG,45000,English Teacher,Delhi
38,0,1,0,0,0,Bachelors Degree,15000,Financial Counselor,Delhi
6,1,0,0,0,0,Chemical Engineering,9000,Quality Engineer,Tamil Nadu
32,1,0,0,1,0,HSE,8000,Postman,MP
59,1,1,0,0,0,BSN,7000,Phlebotomist IHR,Tamil Nadu
21,1,0,0,0,0,UG,25000,Non Sales Associate,Punjab
88,0,0,0,0,0,Computer Science,25000,Registered Neurodiagnostic Technician (Nights),Telangana
70,1,0,0,1,0,High School Diploma,15000,Manufacturing Technician,Karnataka
4,1,0,1,1,0,High School diploma,12000,Materials Service Coordinator II,Kashmir
16,1,0,0,0,0,Bachelor's degree in psychology,4500,Intake Coordinator - Psychiatry,West Bengal
22,0,0,0,1,0,PG degree in financial management,20000,Manager- Finance & Administration,Maharashtra
19,1,0,0,1,0,3 years of experience in acute healthcare setting,45000,HB Coding Analyst,Maharashtra
68,0,0,0,1,0,Computer Science,5000,Patient Care Technician,Delhi
60,0,1,0,1,0,BSN,5000,Patient Care Technician,Maharashtra
51,0,1,0,0,0,High School Diploma,20000,Nuclear Med Tech,Kerala
38,0,1,0,0,0,Bachelors Degree,15000,Financial Counselor,Delhi
74,1,0,0,0,0,MSN,40000,Health Unit Coordinator,AP
10,0,0,0,1,0,High School Diploma/GED equivalent,8000,Health Unit Coordinator-Labor and Delivery,Kerela
64,1,0,0,1,0,MD,10000,Clinical Trial Regulatory Research Specialist,Kashmir
74,1,0,0,0,0,MSN,40000,Health Unit Coordinator,AP
97,1,0,0,1,0,Computer Science,40000,Resource Coordinator Imaging,Delhi
55,1,0,0,1,0,Computer Science,40000,Quality Manager,Maharashtra
54,0,0,0,1,0,Computer Science,45000,Project Manager,Gujarat
51,0,1,0,0,0,High School Diploma,20000,Nuclear Med Tech,Kerala
28,1,0,0,1,0,UG/PG in Management,40000,Assistant Project Manger,Karnataka
15,1,0,0,1,0,High School or Equivalent (GED),6000,Food Service Worker,Punjab
76,1,1,0,1,0,ASN,15000,Client Office Phlebotomist,Maharashtra
88,0,0,0,0,0,Computer Science,25000,Registered Neurodiagnostic Technician (Nights),Telangana
78,1,0,0,1,0,MBBS,45000,Radiographer,Delhi
92,0,0,0,1,0,ASN,15000,Float Clinical Nurse- Regional Medical Group,Tamil Nadu
91,0,0,0,1,0,MBBS,25000,OB Tech - Maternity Services,Kashmir
36,1,0,0,1,0,High School Diploma,40000,Environmental Service Technician,Kerela
32,1,0,0,1,0,HSE,8000,Postman,MP
37,0,0,0,0,1,B.Ed in Education,9000,Teacher/Tutor,Punjab
68,0,0,0,1,0,Computer Science,5000,Patient Care Technician,Delhi
49,1,0,0,1,0,PMP certification,45000,Project Manager,Tamil Nadu
16,1,0,0,0,0,Bachelor's degree in psychology,4500,Intake Coordinator - Psychiatry,West Bengal
20,1,0,0,1,0,Communication,50000,Digital Seller On-Boarding Program,Delhi
96,0,0,0,1,0,Computer Science,45000,Sr Manager,Karnataka
74,1,0,0,0,0,MSN,40000,Health Unit Coordinator,AP
43,0,0,0,1,0,B.Ed in Education,30000,Superintendent Posts,Maharashtra
18,1,0,0,1,0,High school diploma or GED,10000,Manufacturing Electrician,UP
64,1,0,0,1,0,MD,10000,Clinical Trial Regulatory Research Specialist,Kashmir
30,0,0,0,1,0,PG,42000,Circle Based Officer,Tamil Nadu
27,1,0,0,0,0,UG/PG,45000,English Teacher,UP
54,0,0,0,1,0,Computer Science,45000,Project Manager,Gujarat
78,1,0,0,1,0,MBBS,45000,Radiographer,Delhi
45,1,1,0,0,0,High School or Equivalent (GED),13000,Food Service Worker,Maharashtra
13,1,0,0,1,0,Doctoral,15000,Physician ,Delhi
49,1,0,0,1,0,PMP certification,45000,Project Manager,Tamil Nadu
1,1,0,0,0,0,Bachelors degree,9000,Distribution Operations,Maharashtra
36,1,0,0,1,0,High School Diploma,40000,Environmental Service Technician,Kerela
10,0,0,0,1,0,High School Diploma/GED equivalent,8000,Health Unit Coordinator-Labor and Delivery,Kerela
64,1,0,0,1,0,MD,10000,Clinical Trial Regulatory Research Specialist,Kashmir
4,1,0,1,1,0,High School diploma,12000,Materials Service Coordinator II,Kashmir
56,0,0,0,1,0,GED,8000,Client Office Phlebotomist,Karnataka
41,1,0,0,0,0,Diploma in Electrical Engineering,20000,Manufacturing Electrician,AP
42,1,0,0,0,1,B.E./B.Tech,25000,Assistant Engineer,West Bengal
16,1,0,0,0,0,Bachelor's degree in psychology,4500,Intake Coordinator - Psychiatry,West Bengal
64,1,0,0,1,0,MD,10000,Clinical Trial Regulatory Research Specialist,Kashmir
50,0,1,1,1,0,High School Diploma,10000,Lab Technician,Dehradun
43,0,0,0,1,0,B.Ed in Education,30000,Superintendent Posts,Maharashtra
91,0,0,0,1,0,MBBS,25000,OB Tech - Maternity Services,Kashmir
54,0,0,0,1,0,Computer Science,45000,Project Manager,Gujarat
34,1,0,0,1,0,Masters in Library Science,6000,Librarian,AP
63,0,0,0,0,0,BSN,8000,Float Clinical Nurse,Gujarat
49,1,0,0,1,0,PMP certification,45000,Project Manager,Tamil Nadu
13,1,0,0,1,0,Doctoral,15000,Physician ,Delhi
59,1,1,0,0,0,BSN,7000,Phlebotomist IHR,Tamil Nadu
41,1,0,0,0,0,Diploma in Electrical Engineering,20000,Manufacturing Electrician,AP
53,0,0,0,1,0,MBBS,25000,Pulmonologist,Goa
92,0,0,0,1,0,ASN,15000,Float Clinical Nurse- Regional Medical Group,Tamil Nadu
7,1,0,0,1,0,Bachelor's degree in psychology,10000,Intake Coordinator,Karnataka
45,1,1,0,0,0,High School or Equivalent (GED),13000,Food Service Worker,Maharashtra
53,0,0,0,1,0,MBBS,25000,Pulmonologist,Goa
86,0,0,0,0,0,High School Diploma,15000,Operator Services Specialist,Kashmir
86,0,0,0,0,0,High School Diploma,15000,Operator Services Specialist,Kashmir
37,0,0,0,0,1,B.Ed in Education,9000,Teacher/Tutor,Punjab
69,0,1,0,1,0,MSN,6000,Patient Safety Technician,Delhi
80,0,1,0,1,0,ASN,15000,Home Infusion Pharmacy Tech,Karnataka
31,1,0,0,0,0,Bachelors degree in Accounting,30000,Junior Accountant,AP
27,1,0,0,0,0,UG/PG,45000,English Teacher,UP
11,0,0,0,1,0,High School diploma,10000,Patient Access Specialist,Tamil Nadu
21,1,0,0,0,0,UG,25000,Non Sales Associate,Punjab
28,1,0,0,1,0,UG/PG in Management,40000,Assistant Project Manger,Karnataka
83,0,1,0,1,0,ASN,10000,Safety Companion,Punjab
33,1,0,0,1,0,B.Com/BBA,5000,Salesman,West Bengal
52,0,0,0,1,0,MBBS,30000,Adult Psychiatrist,Maharashtra
11,0,0,0,1,0,High School diploma,10000,Patient Access Specialist,Tamil Nadu
98,0,0,0,1,0,D Pharma,9000,Home Infusion Pharmacist,Kashmir
30,0,0,0,1,0,PG,42000,Circle Based Officer,Tamil Nadu
52,0,0,0,1,0,MBBS,30000,Adult Psychiatrist,Maharashtra
53,0,0,0,1,0,MBBS,25000,Pulmonologist,Goa
52,0,0,0,1,0,MBBS,30000,Adult Psychiatrist,Maharashtra
43,0,0,0,1,0,B.Ed in Education,30000,Superintendent Posts,Maharashtra
16,1,0,0,0,0,Bachelor's degree in psychology,4500,Intake Coordinator - Psychiatry,West Bengal
16,1,0,0,0,0,Bachelor's degree in psychology,4500,Intake Coordinator - Psychiatry,West Bengal
90,0,1,0,0,0,ASN,20000,Patient Access Specialist,Delhi
8,0,0,0,1,0,Baccalaureate degree in Nursing or higher,12000,Pre/Post-Op Clinical Nurse,Telangana
5,0,0,0,1,0,Bachelors degree,25000,Financial Counselor,Maharashtra
52,0,0,0,1,0,MBBS,30000,Adult Psychiatrist,Maharashtra
89,0,0,0,1,0,MBBS,50000,Transplant Assistant,Delhi
4,1,0,1,1,0,High School diploma,12000,Materials Service Coordinator II,Kashmir
24,1,0,0,0,0,UG/PG,12000,Sales Associates,Karnataka
9,0,0,0,1,0,MBBS,30000,Medical Assistant,Maharashtra
27,1,0,0,0,0,UG/PG,45000,English Teacher,UP
31,1,0,0,0,0,Bachelors degree in Accounting,30000,Junior Accountant,AP
63,0,0,0,0,0,BSN,8000,Float Clinical Nurse,Gujarat
80,0,1,0,1,0,ASN,15000,Home Infusion Pharmacy Tech,Karnataka
76,1,1,0,1,0,ASN,15000,Client Office Phlebotomist,Maharashtra
4,1,0,1,1,0,High School diploma,12000,Materials Service Coordinator II,Kashmir
56,0,0,0,1,0,GED,8000,Client Office Phlebotomist,Karnataka
45,1,1,0,0,0,High School or Equivalent (GED),13000,Food Service Worker,Maharashtra
78,1,0,0,1,0,MBBS,45000,Radiographer,Delhi
75,0,0,0,1,0,Dental,30000,Medical Assistant - Ortho,MP
41,1,0,0,0,0,Diploma in Electrical Engineering,20000,Manufacturing Electrician,AP
78,1,0,0,1,0,MBBS,45000,Radiographer,Delhi
16,1,0,0,0,0,Bachelor's degree in psychology,4500,Intake Coordinator - Psychiatry,West Bengal
83,0,1,0,1,0,ASN,10000,Safety Companion,Punjab
88,0,0,0,0,0,Computer Science,25000,Registered Neurodiagnostic Technician (Nights),Telangana
23,1,0,0,0,0,UG/PG,45000,English Teacher,Delhi
53,0,0,0,1,0,MBBS,25000,Pulmonologist,Goa
38,0,1,0,0,0,Bachelors Degree,15000,Financial Counselor,Delhi
62,0,0,0,0,0,BSN,5000,Staff Nurse Outpatient,Kerala
83,0,1,0,1,0,ASN,10000,Safety Companion,Punjab
79,1,0,0,0,0,Computer Science,30000,Procedure Technician,Maharashtra
13,1,0,0,1,0,Doctoral,15000,Physician ,Delhi
50,0,1,1,1,0,High School Diploma,10000,Lab Technician,Dehradun
75,0,0,0,1,0,Dental,30000,Medical Assistant - Ortho,MP
67,0,0,0,1,0,ASN,8000,Staff Nurse,Punjab
35,1,0,0,1,0,Chemical Engineering,10000,Quality Engineer,UP
63,0,0,0,0,0,BSN,8000,Float Clinical Nurse,Gujarat
81,0,0,0,1,0,ASN,15000,Patient Educator-RN,Kerala
56,0,0,0,1,0,GED,8000,Client Office Phlebotomist,Karnataka
68,0,0,0,1,0,Computer Science,5000,Patient Care Technician,Delhi
33,1,0,0,1,0,B.Com/BBA,5000,Salesman,West Bengal
48,1,0,0,1,0,High School or Equivalent (GED),20000,Stationary Shop Owner,Delhi
98,0,0,0,1,0,D Pharma,9000,Home Infusion Pharmacist,Kashmir
78,1,0,0,1,0,MBBS,45000,Radiographer,Delhi
34,1,0,0,1,0,Masters in Library Science,6000,Librarian,AP
4,1,0,1,1,0,High School diploma,12000,Materials Service Coordinator II,Kashmir
98,0,0,0,1,0,D Pharma,9000,Home Infusion Pharmacist,Kashmir
53,0,0,0,1,0,MBBS,25000,Pulmonologist,Goa
16,1,0,0,0,0,Bachelor's degree in psychology,4500,Intake Coordinator - Psychiatry,West Bengal
61,0,1,0,1,0,Bachelor in Sonography,6000,Sonographer,Maharashtra
62,0,0,0,0,0,BSN,5000,Staff Nurse Outpatient,Kerala
87,0,0,0,1,0,D Pharma,8000,Clinical Pharmacist,Gujarat
2,1,0,0,1,0,Other,5000,Production Operator-2nd Shift,Kerela
92,0,0,0,1,0,ASN,15000,Float Clinical Nurse- Regional Medical Group,Tamil Nadu
7,1,0,0,1,0,Bachelor's degree in psychology,10000,Intake Coordinator,Karnataka
1,1,0,0,0,0,Bachelors degree,9000,Distribution Operations,Maharashtra
59,1,1,0,0,0,BSN,7000,Phlebotomist IHR,Tamil Nadu
58,0,0,0,1,0,ASN,6000,Nurse Practitioner,Kerala
20,1,0,0,1,0,Communication,50000,Digital Seller On-Boarding Program,Delhi
93,0,0,0,1,0,MBBS,30000,Immediate Care Center Physician,Delhi
50,0,1,1,1,0,High School Diploma,10000,Lab Technician,Dehradun
6,1,0,0,0,0,Chemical Engineering,9000,Quality Engineer,Tamil Nadu
35,1,0,0,1,0,Chemical Engineering,10000,Quality Engineer,UP
58,0,0,0,1,0,ASN,6000,Nurse Practitioner,Kerala
77,0,1,0,1,0,BSN,20000,Sleep Medicine Patient Navigator,Kashmir
79,1,0,0,0,0,Computer Science,30000,Procedure Technician,Maharashtra
55,1,0,0,1,0,Computer Science,40000,Quality Manager,Maharashtra
26,0,0,1,1,0,B.Ed in Education,5000,Drama Teacher,MP
45,1,1,0,0,0,High School or Equivalent (GED),13000,Food Service Worker,Maharashtra
37,0,0,0,0,1,B.Ed in Education,9000,Teacher/Tutor,Punjab
36,1,0,0,1,0,High School Diploma,40000,Environmental Service Technician,Kerela
75,0,0,0,1,0,Dental,30000,Medical Assistant - Ortho,MP
8,0,0,0,1,0,Baccalaureate degree in Nursing or higher,12000,Pre/Post-Op Clinical Nurse,Telangana
8,0,0,0,1,0,Baccalaureate degree in Nursing or higher,12000,Pre/Post-Op Clinical Nurse,Telangana
17,1,0,1,0,0,High School Diploma/GED equivalent,7000,Production Operator-3rd Shift,AP
91,0,0,0,1,0,MBBS,25000,OB Tech - Maternity Services,Kashmir
28,1,0,0,1,0,UG/PG in Management,40000,Assistant Project Manger,Karnataka
49,1,0,0,1,0,PMP certification,45000,Project Manager,Tamil Nadu
2,1,0,0,1,0,Other,5000,Production Operator-2nd Shift,Kerela
21,1,0,0,0,0,UG,25000,Non Sales Associate,Punjab
56,0,0,0,1,0,GED,8000,Client Office Phlebotomist,Karnataka
75,0,0,0,1,0,Dental,30000,Medical Assistant - Ortho,MP
56,0,0,0,1,0,GED,8000,Client Office Phlebotomist,Karnataka
84,0,0,0,1,0,High School Diploma,7000,Performance and Quality Assurance Trainer,Maharashtra
33,1,0,0,1,0,B.Com/BBA,5000,Salesman,West Bengal
56,0,0,0,1,0,GED,8000,Client Office Phlebotomist,Karnataka
76,1,1,0,1,0,ASN,15000,Client Office Phlebotomist,Maharashtra
51,0,1,0,0,0,High School Diploma,20000,Nuclear Med Tech,Kerala
71,0,0,0,1,0,Computer Science,25000,ED Technician,Maharashtra
59,1,1,0,0,0,BSN,7000,Phlebotomist IHR,Tamil Nadu
29,1,0,0,0,0,High School Diploma/GED equivalent,7000,Warehouse/Forklift Operator,Kerela
82,0,0,0,1,0,ASN,10000,Patient Access Specialist,Maharashtra
78,1,0,0,1,0,MBBS,45000,Radiographer,Delhi
62,0,0,0,0,0,BSN,5000,Staff Nurse Outpatient,Kerala
5,0,0,0,1,0,Bachelors degree,25000,Financial Counselor,Maharashtra
79,1,0,0,0,0,Computer Science,30000,Procedure Technician,Maharashtra
80,0,1,0,1,0,ASN,15000,Home Infusion Pharmacy Tech,Karnataka
5,0,0,0,1,0,Bachelors degree,25000,Financial Counselor,Maharashtra
8,0,0,0,1,0,Baccalaureate degree in Nursing or higher,12000,Pre/Post-Op Clinical Nurse,Telangana
11,0,0,0,1,0,High School diploma,10000,Patient Access Specialist,Tamil Nadu
71,0,0,0,1,0,Computer Science,25000,ED Technician,Maharashtra
6,1,0,0,0,0,Chemical Engineering,9000,Quality Engineer,Tamil Nadu
19,1,0,0,1,0,3 years of experience in acute healthcare setting,45000,HB Coding Analyst,Maharashtra
44,1,0,0,1,0,B.E./B.Tech,10000,Junior Engineer,Kerela
29,1,0,0,0,0,High School Diploma/GED equivalent,7000,Warehouse/Forklift Operator,Kerela
29,1,0,0,0,0,High School Diploma/GED equivalent,7000,Warehouse/Forklift Operator,Kerela
34,1,0,0,1,0,Masters in Library Science,6000,Librarian,AP
38,0,1,0,0,0,Bachelors Degree,15000,Financial Counselor,Delhi
41,1,0,0,0,0,Diploma in Electrical Engineering,20000,Manufacturing Electrician,AP
47,1,0,0,1,0,Diploma in Domestic Plumbing,2000,Plumber,AP
38,0,1,0,0,0,Bachelors Degree,15000,Financial Counselor,Delhi
90,0,1,0,0,0,ASN,20000,Patient Access Specialist,Delhi
13,1,0,0,1,0,Doctoral,15000,Physician ,Delhi
73,1,0,0,0,0,BSN,25000,Certified Medical Assistant,West Bengal
12,1,1,0,0,0,High School Diploma/GED equivalent,6000,Production Operator-3rd Shift,Gujrat
97,1,0,0,1,0,Computer Science,40000,Resource Coordinator Imaging,Delhi
52,0,0,0,1,0,MBBS,30000,Adult Psychiatrist,Maharashtra
12,1,1,0,0,0,High School Diploma/GED equivalent,6000,Production Operator-3rd Shift,Gujrat
44,1,0,0,1,0,B.E./B.Tech,10000,Junior Engineer,Kerela
55,1,0,0,1,0,Computer Science,40000,Quality Manager,Maharashtra
71,0,0,0,1,0,Computer Science,25000,ED Technician,Maharashtra
47,1,0,0,1,0,Diploma in Domestic Plumbing,2000,Plumber,AP
7,1,0,0,1,0,Bachelor's degree in psychology,10000,Intake Coordinator,Karnataka
16,1,0,0,0,0,Bachelor's degree in psychology,4500,Intake Coordinator - Psychiatry,West Bengal
8,0,0,0,1,0,Baccalaureate degree in Nursing or higher,12000,Pre/Post-Op Clinical Nurse,Telangana
3,1,0,0,1,1,Masters,8000,Teacher/Tutor,MP
84,0,0,0,1,0,High School Diploma,7000,Performance and Quality Assurance Trainer,Maharashtra
17,1,0,1,0,0,High School Diploma/GED equivalent,7000,Production Operator-3rd Shift,AP
17,1,0,1,0,0,High School Diploma/GED equivalent,7000,Production Operator-3rd Shift,AP
21,1,0,0,0,0,UG,25000,Non Sales Associate,Punjab
34,1,0,0,1,0,Masters in Library Science,6000,Librarian,AP
63,0,0,0,0,0,BSN,8000,Float Clinical Nurse,Gujarat
62,0,0,0,0,0,BSN,5000,Staff Nurse Outpatient,Kerala
60,0,1,0,1,0,BSN,5000,Patient Care Technician,Maharashtra
84,0,0,0,1,0,High School Diploma,7000,Performance and Quality Assurance Trainer,Maharashtra
73,1,0,0,0,0,BSN,25000,Certified Medical Assistant,West Bengal
3,1,0,0,1,1,Masters,8000,Teacher/Tutor,MP
57,0,1,0,0,0,BSN,5000,Clinical Nurse,Kerala
28,1,0,0,1,0,UG/PG in Management,40000,Assistant Project Manger,Karnataka
89,0,0,0,1,0,MBBS,50000,Transplant Assistant,Delhi
24,1,0,0,0,0,UG/PG,12000,Sales Associates,Karnataka
7,1,0,0,1,0,Bachelor's degree in psychology,10000,Intake Coordinator,Karnataka
51,0,1,0,0,0,High School Diploma,20000,Nuclear Med Tech,Kerala
14,1,0,1,0,0,English Language,3000,Housekeeping Tech,MP
11,0,0,0,1,0,High School diploma,10000,Patient Access Specialist,Tamil Nadu
12,1,1,0,0,0,High School Diploma/GED equivalent,6000,Production Operator-3rd Shift,Gujrat
1,1,0,0,0,0,Bachelors degree,9000,Distribution Operations,Maharashtra
42,1,0,0,0,1,B.E./B.Tech,25000,Assistant Engineer,West Bengal
71,0,0,0,1,0,Computer Science,25000,ED Technician,Maharashtra
88,0,0,0,0,0,Computer Science,25000,Registered Neurodiagnostic Technician (Nights),Telangana
11,0,0,0,1,0,High School diploma,10000,Patient Access Specialist,Tamil Nadu
2,1,0,0,1,0,Other,5000,Production Operator-2nd Shift,Kerela
40,1,1,0,1,0,High School Diploma/GED equivalent,4000,Packer ,UP
52,0,0,0,1,0,MBBS,30000,Adult Psychiatrist,Maharashtra
61,0,1,0,1,0,Bachelor in Sonography,6000,Sonographer,Maharashtra
10,0,0,0,1,0,High School Diploma/GED equivalent,8000,Health Unit Coordinator-Labor and Delivery,Kerela
65,1,1,0,1,0,MBBS,25000,Telemetry Technician,Maharashtra
37,0,0,0,0,1,B.Ed in Education,9000,Teacher/Tutor,Punjab
44,1,0,0,1,0,B.E./B.Tech,10000,Junior Engineer,Kerela
95,1,1,0,0,0,ASN,9000,Sterilizing Tech,Maharashtra
53,0,0,0,1,0,MBBS,25000,Pulmonologist,Goa
15,1,0,0,1,0,High School or Equivalent (GED),6000,Food Service Worker,Punjab
57,0,1,0,0,0,BSN,5000,Clinical Nurse,Kerala
36,1,0,0,1,0,High School Diploma,40000,Environmental Service Technician,Kerela
94,1,0,0,0,0,Computer Science,30000,MFG Process Operator,Delhi
15,1,0,0,1,0,High School or Equivalent (GED),6000,Food Service Worker,Punjab
28,1,0,0,1,0,UG/PG in Management,40000,Assistant Project Manger,Karnataka
73,1,0,0,0,0,BSN,25000,Certified Medical Assistant,West Bengal
55,1,0,0,1,0,Computer Science,40000,Quality Manager,Maharashtra
46,1,0,0,0,0,M.D./M.S. in Medicine,25000,Physician ,Punjab
27,1,0,0,0,0,UG/PG,45000,English Teacher,UP
38,0,1,0,0,0,Bachelors Degree,15000,Financial Counselor,Delhi
56,0,0,0,1,0,GED,8000,Client Office Phlebotomist,Karnataka
6,1,0,0,0,0,Chemical Engineering,9000,Quality Engineer,Tamil Nadu
67,0,0,0,1,0,ASN,8000,Staff Nurse,Punjab
41,1,0,0,0,0,Diploma in Electrical Engineering,20000,Manufacturing Electrician,AP
69,0,1,0,1,0,MSN,6000,Patient Safety Technician,Delhi
21,1,0,0,0,0,UG,25000,Non Sales Associate,Punjab
29,1,0,0,0,0,High School Diploma/GED equivalent,7000,Warehouse/Forklift Operator,Kerela
76,1,1,0,1,0,ASN,15000,Client Office Phlebotomist,Maharashtra
94,1,0,0,0,0,Computer Science,30000,MFG Process Operator,Delhi
37,0,0,0,0,1,B.Ed in Education,9000,Teacher/Tutor,Punjab
79,1,0,0,0,0,Computer Science,30000,Procedure Technician,Maharashtra
69,0,1,0,1,0,MSN,6000,Patient Safety Technician,Delhi
48,1,0,0,1,0,High School or Equivalent (GED),20000,Stationary Shop Owner,Delhi
2,1,0,0,1,0,Other,5000,Production Operator-2nd Shift,Kerela
58,0,0,0,1,0,ASN,6000,Nurse Practitioner,Kerala
66,0,1,0,0,0,Other,10000,Safety Companion,Punjab
41,1,0,0,0,0,Diploma in Electrical Engineering,20000,Manufacturing Electrician,AP
2,1,0,0,1,0,Other,5000,Production Operator-2nd Shift,Kerela
10,0,0,0,1,0,High School Diploma/GED equivalent,8000,Health Unit Coordinator-Labor and Delivery,Kerela
24,1,0,0,0,0,UG/PG,12000,Sales Associates,Karnataka
63,0,0,0,0,0,BSN,8000,Float Clinical Nurse,Gujarat
63,0,0,0,0,0,BSN,8000,Float Clinical Nurse,Gujarat
88,0,0,0,0,0,Computer Science,25000,Registered Neurodiagnostic Technician (Nights),Telangana
93,0,0,0,1,0,MBBS,30000,Immediate Care Center Physician,Delhi
95,1,1,0,0,0,ASN,9000,Sterilizing Tech,Maharashtra
84,0,0,0,1,0,High School Diploma,7000,Performance and Quality Assurance Trainer,Maharashtra
90,0,1,0,0,0,ASN,20000,Patient Access Specialist,Delhi
3,1,0,0,1,1,Masters,8000,Teacher/Tutor,MP
83,0,1,0,1,0,ASN,10000,Safety Companion,Punjab
3,1,0,0,1,1,Masters,8000,Teacher/Tutor,MP
25,0,0,0,1,0,Hindi/English Language,30000,Tele Associates,UP
91,0,0,0,1,0,MBBS,25000,OB Tech - Maternity Services,Kashmir
29,1,0,0,0,0,High School Diploma/GED equivalent,7000,Warehouse/Forklift Operator,Kerela
37,0,0,0,0,1,B.Ed in Education,9000,Teacher/Tutor,Punjab
59,1,1,0,0,0,BSN,7000,Phlebotomist IHR,Tamil Nadu
52,0,0,0,1,0,MBBS,30000,Adult Psychiatrist,Maharashtra
65,1,1,0,1,0,MBBS,25000,Telemetry Technician,Maharashtra
3,1,0,0,1,1,Masters,8000,Teacher/Tutor,MP
44,1,0,0,1,0,B.E./B.Tech,10000,Junior Engineer,Kerela
1,1,0,0,0,0,Bachelors degree,9000,Distribution Operations,Maharashtra
58,0,0,0,1,0,ASN,6000,Nurse Practitioner,Kerala
69,0,1,0,1,0,MSN,6000,Patient Safety Technician,Delhi
81,0,0,0,1,0,ASN,15000,Patient Educator-RN,Kerala
23,1,0,0,0,0,UG/PG,45000,English Teacher,Delhi
58,0,0,0,1,0,ASN,6000,Nurse Practitioner,Kerala
5,0,0,0,1,0,Bachelors degree,25000,Financial Counselor,Maharashtra
16,1,0,0,0,0,Bachelor's degree in psychology,4500,Intake Coordinator - Psychiatry,West Bengal
14,1,0,1,0,0,English Language,3000,Housekeeping Tech,MP
12,1,1,0,0,0,High School Diploma/GED equivalent,6000,Production Operator-3rd Shift,Gujrat
85,0,0,0,1,0,ASN,5000,Medical Assistant,Kerala
69,0,1,0,1,0,MSN,6000,Patient Safety Technician,Delhi
62,0,0,0,0,0,BSN,5000,Staff Nurse Outpatient,Kerala
28,1,0,0,1,0,UG/PG in Management,40000,Assistant Project Manger,Karnataka
60,0,1,0,1,0,BSN,5000,Patient Care Technician,Maharashtra
97,1,0,0,1,0,Computer Science,40000,Resource Coordinator Imaging,Delhi
48,1,0,0,1,0,High School or Equivalent (GED),20000,Stationary Shop Owner,Delhi
40,1,1,0,1,0,High School Diploma/GED equivalent,4000,Packer ,UP
28,1,0,0,1,0,UG/PG in Management,40000,Assistant Project Manger,Karnataka
30,0,0,0,1,0,PG,42000,Circle Based Officer,Tamil Nadu
75,0,0,0,1,0,Dental,30000,Medical Assistant - Ortho,MP
36,1,0,0,1,0,High School Diploma,40000,Environmental Service Technician,Kerela
21,1,0,0,0,0,UG,25000,Non Sales Associate,Punjab
61,0,1,0,1,0,Bachelor in Sonography,6000,Sonographer,Maharashtra
3,1,0,0,1,1,Masters,8000,Teacher/Tutor,MP
89,0,0,0,1,0,MBBS,50000,Transplant Assistant,Delhi
0,1,0,0,1,0,High School Diploma/GED Equivalency,6000,"Installation, Maintenance and Repair",UP
78,1,0,0,1,0,MBBS,45000,Radiographer,Delhi
52,0,0,0,1,0,MBBS,30000,Adult Psychiatrist,Maharashtra
90,0,1,0,0,0,ASN,20000,Patient Access Specialist,Delhi
13,1,0,0,1,0,Doctoral,15000,Physician ,Delhi
84,0,0,0,1,0,High School Diploma,7000,Performance and Quality Assurance Trainer,Maharashtra
51,0,1,0,0,0,High School Diploma,20000,Nuclear Med Tech,Kerala
0,1,0,0,1,0,High School Diploma/GED Equivalency,6000,"Installation, Maintenance and Repair",UP
54,0,0,0,1,0,Computer Science,45000,Project Manager,Gujarat
60,0,1,0,1,0,BSN,5000,Patient Care Technician,Maharashtra
38,0,1,0,0,0,Bachelors Degree,15000,Financial Counselor,Delhi
79,1,0,0,0,0,Computer Science,30000,Procedure Technician,Maharashtra
12,1,1,0,0,0,High School Diploma/GED equivalent,6000,Production Operator-3rd Shift,Gujrat
28,1,0,0,1,0,UG/PG in Management,40000,Assistant Project Manger,Karnataka
1,1,0,0,0,0,Bachelors degree,9000,Distribution Operations,Maharashtra
28,1,0,0,1,0,UG/PG in Management,40000,Assistant Project Manger,Karnataka
10,0,0,0,1,0,High School Diploma/GED equivalent,8000,Health Unit Coordinator-Labor and Delivery,Kerela
13,1,0,0,1,0,Doctoral,15000,Physician ,Delhi
30,0,0,0,1,0,PG,42000,Circle Based Officer,Tamil Nadu
66,0,1,0,0,0,Other,10000,Safety Companion,Punjab
55,1,0,0,1,0,Computer Science,40000,Quality Manager,Maharashtra
31,1,0,0,0,0,Bachelors degree in Accounting,30000,Junior Accountant,AP
2,1,0,0,1,0,Other,5000,Production Operator-2nd Shift,Kerela
41,1,0,0,0,0,Diploma in Electrical Engineering,20000,Manufacturing Electrician,AP
13,1,0,0,1,0,Doctoral,15000,Physician ,Delhi
14,1,0,1,0,0,English Language,3000,Housekeeping Tech,MP
13,1,0,0,1,0,Doctoral,15000,Physician ,Delhi
59,1,1,0,0,0,BSN,7000,Phlebotomist IHR,Tamil Nadu
82,0,0,0,1,0,ASN,10000,Patient Access Specialist,Maharashtra
93,0,0,0,1,0,MBBS,30000,Immediate Care Center Physician,Delhi
41,1,0,0,0,0,Diploma in Electrical Engineering,20000,Manufacturing Electrician,AP
48,1,0,0,1,0,High School or Equivalent (GED),20000,Stationary Shop Owner,Delhi
3,1,0,0,1,1,Masters,8000,Teacher/Tutor,MP
66,0,1,0,0,0,Other,10000,Safety Companion,Punjab
60,0,1,0,1,0,BSN,5000,Patient Care Technician,Maharashtra
89,0,0,0,1,0,MBBS,50000,Transplant Assistant,Delhi
8,0,0,0,1,0,Baccalaureate degree in Nursing or higher,12000,Pre/Post-Op Clinical Nurse,Telangana
92,0,0,0,1,0,ASN,15000,Float Clinical Nurse- Regional Medical Group,Tamil Nadu
82,0,0,0,1,0,ASN,10000,Patient Access Specialist,Maharashtra
71,0,0,0,1,0,Computer Science,25000,ED Technician,Maharashtra
54,0,0,0,1,0,Computer Science,45000,Project Manager,Gujarat
48,1,0,0,1,0,High School or Equivalent (GED),20000,Stationary Shop Owner,Delhi
7,1,0,0,1,0,Bachelor's degree in psychology,10000,Intake Coordinator,Karnataka
1,1,0,0,0,0,Bachelors degree,9000,Distribution Operations,Maharashtra
82,0,0,0,1,0,ASN,10000,Patient Access Specialist,Maharashtra
89,0,0,0,1,0,MBBS,50000,Transplant Assistant,Delhi
39,1,1,0,0,0,Bachelors Degree in Finance,35000,Insurance Adviser,West Bengal
54,0,0,0,1,0,Computer Science,45000,Project Manager,Gujarat
56,0,0,0,1,0,GED,8000,Client Office Phlebotomist,Karnataka
97,1,0,0,1,0,Computer Science,40000,Resource Coordinator Imaging,Delhi
82,0,0,0,1,0,ASN,10000,Patient Access Specialist,Maharashtra
18,1,0,0,1,0,High school diploma or GED,10000,Manufacturing Electrician,UP
28,1,0,0,1,0,UG/PG in Management,40000,Assistant Project Manger,Karnataka
67,0,0,0,1,0,ASN,8000,Staff Nurse,Punjab
34,1,0,0,1,0,Masters in Library Science,6000,Librarian,AP
21,1,0,0,0,0,UG,25000,Non Sales Associate,Punjab
75,0,0,0,1,0,Dental,30000,Medical Assistant - Ortho,MP
30,0,0,0,1,0,PG,42000,Circle Based Officer,Tamil Nadu
12,1,1,0,0,0,High School Diploma/GED equivalent,6000,Production Operator-3rd Shift,Gujrat
21,1,0,0,0,0,UG,25000,Non Sales Associate,Punjab
92,0,0,0,1,0,ASN,15000,Float Clinical Nurse- Regional Medical Group,Tamil Nadu
79,1,0,0,0,0,Computer Science,30000,Procedure Technician,Maharashtra
22,0,0,0,1,0,PG degree in financial management,20000,Manager- Finance & Administration,Maharashtra
43,0,0,0,1,0,B.Ed in Education,30000,Superintendent Posts,Maharashtra
41,1,0,0,0,0,Diploma in Electrical Engineering,20000,Manufacturing Electrician,AP
66,0,1,0,0,0,Other,10000,Safety Companion,Punjab
72,0,0,0,1,0,HR Analytics,35000,Resource Operator,Telangana
59,1,1,0,0,0,BSN,7000,Phlebotomist IHR,Tamil Nadu
17,1,0,1,0,0,High School Diploma/GED equivalent,7000,Production Operator-3rd Shift,AP
57,0,1,0,0,0,BSN,5000,Clinical Nurse,Kerala
64,1,0,0,1,0,MD,10000,Clinical Trial Regulatory Research Specialist,Kashmir
69,0,1,0,1,0,MSN,6000,Patient Safety Technician,Delhi
95,1,1,0,0,0,ASN,9000,Sterilizing Tech,Maharashtra
1,1,0,0,0,0,Bachelors degree,9000,Distribution Operations,Maharashtra
29,1,0,0,0,0,High School Diploma/GED equivalent,7000,Warehouse/Forklift Operator,Kerela
48,1,0,0,1,0,High School or Equivalent (GED),20000,Stationary Shop Owner,Delhi
59,1,1,0,0,0,BSN,7000,Phlebotomist IHR,Tamil Nadu
88,0,0,0,0,0,Computer Science,25000,Registered Neurodiagnostic Technician (Nights),Telangana
21,1,0,0,0,0,UG,25000,Non Sales Associate,Punjab
48,1,0,0,1,0,High School or Equivalent (GED),20000,Stationary Shop Owner,Delhi
1,1,0,0,0,0,Bachelors degree,9000,Distribution Operations,Maharashtra
58,0,0,0,1,0,ASN,6000,Nurse Practitioner,Kerala
33,1,0,0,1,0,B.Com/BBA,5000,Salesman,West Bengal
27,1,0,0,0,0,UG/PG,45000,English Teacher,UP
7,1,0,0,1,0,Bachelor's degree in psychology,10000,Intake Coordinator,Karnataka
30,0,0,0,1,0,PG,42000,Circle Based Officer,Tamil Nadu
16,1,0,0,0,0,Bachelor's degree in psychology,4500,Intake Coordinator - Psychiatry,West Bengal
74,1,0,0,0,0,MSN,40000,Health Unit Coordinator,AP
24,1,0,0,0,0,UG/PG,12000,Sales Associates,Karnataka
59,1,1,0,0,0,BSN,7000,Phlebotomist IHR,Tamil Nadu
8,0,0,0,1,0,Baccalaureate degree in Nursing or higher,12000,Pre/Post-Op Clinical Nurse,Telangana
3,1,0,0,1,1,Masters,8000,Teacher/Tutor,MP
92,0,0,0,1,0,ASN,15000,Float Clinical Nurse- Regional Medical Group,Tamil Nadu
61,0,1,0,1,0,Bachelor in Sonography,6000,Sonographer,Maharashtra
75,0,0,0,1,0,Dental,30000,Medical Assistant - Ortho,MP
43,0,0,0,1,0,B.Ed in Education,30000,Superintendent Posts,Maharashtra
58,0,0,0,1,0,ASN,6000,Nurse Practitioner,Kerala
54,0,0,0,1,0,Computer Science,45000,Project Manager,Gujarat
51,0,1,0,0,0,High School Diploma,20000,Nuclear Med Tech,Kerala
90,0,1,0,0,0,ASN,20000,Patient Access Specialist,Delhi
40,1,1,0,1,0,High School Diploma/GED equivalent,4000,Packer ,UP
91,0,0,0,1,0,MBBS,25000,OB Tech - Maternity Services,Kashmir
90,0,1,0,0,0,ASN,20000,Patient Access Specialist,Delhi
61,0,1,0,1,0,Bachelor in Sonography,6000,Sonographer,Maharashtra
10,0,0,0,1,0,High School Diploma/GED equivalent,8000,Health Unit Coordinator-Labor and Delivery,Kerela
47,1,0,0,1,0,Diploma in Domestic Plumbing,2000,Plumber,AP
87,0,0,0,1,0,D Pharma,8000,Clinical Pharmacist,Gujarat
15,1,0,0,1,0,High School or Equivalent (GED),6000,Food Service Worker,Punjab
8,0,0,0,1,0,Baccalaureate degree in Nursing or higher,12000,Pre/Post-Op Clinical Nurse,Telangana
66,0,1,0,0,0,Other,10000,Safety Companion,Punjab
29,1,0,0,0,0,High School Diploma/GED equivalent,7000,Warehouse/Forklift Operator,Kerela
41,1,0,0,0,0,Diploma in Electrical Engineering,20000,Manufacturing Electrician,AP
91,0,0,0,1,0,MBBS,25000,OB Tech - Maternity Services,Kashmir
98,0,0,0,1,0,D Pharma,9000,Home Infusion Pharmacist,Kashmir
66,0,1,0,0,0,Other,10000,Safety Companion,Punjab
19,1,0,0,1,0,3 years of experience in acute healthcare setting,45000,HB Coding Analyst,Maharashtra
20,1,0,0,1,0,Communication,50000,Digital Seller On-Boarding Program,Delhi
6,1,0,0,0,0,Chemical Engineering,9000,Quality Engineer,Tamil Nadu
86,0,0,0,0,0,High School Diploma,15000,Operator Services Specialist,Kashmir
4,1,0,1,1,0,High School diploma,12000,Materials Service Coordinator II,Kashmir
65,1,1,0,1,0,MBBS,25000,Telemetry Technician,Maharashtra
0,1,0,0,1,0,High School Diploma/GED Equivalency,6000,"Installation, Maintenance and Repair",UP
45,1,1,0,0,0,High School or Equivalent (GED),13000,Food Service Worker,Maharashtra
67,0,0,0,1,0,ASN,8000,Staff Nurse,Punjab
55,1,0,0,1,0,Computer Science,40000,Quality Manager,Maharashtra
23,1,0,0,0,0,UG/PG,45000,English Teacher,Delhi
75,0,0,0,1,0,Dental,30000,Medical Assistant - Ortho,MP
71,0,0,0,1,0,Computer Science,25000,ED Technician,Maharashtra
28,1,0,0,1,0,UG/PG in Management,40000,Assistant Project Manger,Karnataka
13,1,0,0,1,0,Doctoral,15000,Physician ,Delhi
65,1,1,0,1,0,MBBS,25000,Telemetry Technician,Maharashtra
55,1,0,0,1,0,Computer Science,40000,Quality Manager,Maharashtra
61,0,1,0,1,0,Bachelor in Sonography,6000,Sonographer,Maharashtra
15,1,0,0,1,0,High School or Equivalent (GED),6000,Food Service Worker,Punjab
96,0,0,0,1,0,Computer Science,45000,Sr Manager,Karnataka
65,1,1,0,1,0,MBBS,25000,Telemetry Technician,Maharashtra
60,0,1,0,1,0,BSN,5000,Patient Care Technician,Maharashtra
37,0,0,0,0,1,B.Ed in Education,9000,Teacher/Tutor,Punjab
36,1,0,0,1,0,High School Diploma,40000,Environmental Service Technician,Kerela
41,1,0,0,0,0,Diploma in Electrical Engineering,20000,Manufacturing Electrician,AP
3,1,0,0,1,1,Masters,8000,Teacher/Tutor,MP
14,1,0,1,0,0,English Language,3000,Housekeeping Tech,MP
22,0,0,0,1,0,PG degree in financial management,20000,Manager- Finance & Administration,Maharashtra
87,0,0,0,1,0,D Pharma,8000,Clinical Pharmacist,Gujarat
89,0,0,0,1,0,MBBS,50000,Transplant Assistant,Delhi
59,1,1,0,0,0,BSN,7000,Phlebotomist IHR,Tamil Nadu
7,1,0,0,1,0,Bachelor's degree in psychology,10000,Intake Coordinator,Karnataka
31,1,0,0,0,0,Bachelors degree in Accounting,30000,Junior Accountant,AP
3,1,0,0,1,1,Masters,8000,Teacher/Tutor,MP
64,1,0,0,1,0,MD,10000,Clinical Trial Regulatory Research Specialist,Kashmir
33,1,0,0,1,0,B.Com/BBA,5000,Salesman,West Bengal
84,0,0,0,1,0,High School Diploma,7000,Performance and Quality Assurance Trainer,Maharashtra
75,0,0,0,1,0,Dental,30000,Medical Assistant - Ortho,MP
70,1,0,0,1,0,High School Diploma,15000,Manufacturing Technician,Karnataka
70,1,0,0,1,0,High School Diploma,15000,Manufacturing Technician,Karnataka
1,1,0,0,0,0,Bachelors degree,9000,Distribution Operations,Maharashtra
81,0,0,0,1,0,ASN,15000,Patient Educator-RN,Kerala
76,1,1,0,1,0,ASN,15000,Client Office Phlebotomist,Maharashtra
84,0,0,0,1,0,High School Diploma,7000,Performance and Quality Assurance Trainer,Maharashtra
93,0,0,0,1,0,MBBS,30000,Immediate Care Center Physician,Delhi
4,1,0,1,1,0,High School diploma,12000,Materials Service Coordinator II,Kashmir
77,0,1,0,1,0,BSN,20000,Sleep Medicine Patient Navigator,Kashmir
97,1,0,0,1,0,Computer Science,40000,Resource Coordinator Imaging,Delhi
84,0,0,0,1,0,High School Diploma,7000,Performance and Quality Assurance Trainer,Maharashtra
31,1,0,0,0,0,Bachelors degree in Accounting,30000,Junior Accountant,AP
79,1,0,0,0,0,Computer Science,30000,Procedure Technician,Maharashtra
63,0,0,0,0,0,BSN,8000,Float Clinical Nurse,Gujarat
24,1,0,0,0,0,UG/PG,12000,Sales Associates,Karnataka
93,0,0,0,1,0,MBBS,30000,Immediate Care Center Physician,Delhi
22,0,0,0,1,0,PG degree in financial management,20000,Manager- Finance & Administration,Maharashtra
32,1,0,0,1,0,HSE,8000,Postman,MP
59,1,1,0,0,0,BSN,7000,Phlebotomist IHR,Tamil Nadu
12,1,1,0,0,0,High School Diploma/GED equivalent,6000,Production Operator-3rd Shift,Gujrat
40,1,1,0,1,0,High School Diploma/GED equivalent,4000,Packer ,UP
28,1,0,0,1,0,UG/PG in Management,40000,Assistant Project Manger,Karnataka
92,0,0,0,1,0,ASN,15000,Float Clinical Nurse- Regional Medical Group,Tamil Nadu
42,1,0,0,0,1,B.E./B.Tech,25000,Assistant Engineer,West Bengal
28,1,0,0,1,0,UG/PG in Management,40000,Assistant Project Manger,Karnataka
88,0,0,0,0,0,Computer Science,25000,Registered Neurodiagnostic Technician (Nights),Telangana
43,0,0,0,1,0,B.Ed in Education,30000,Superintendent Posts,Maharashtra
1,1,0,0,0,0,Bachelors degree,9000,Distribution Operations,Maharashtra
8,0,0,0,1,0,Baccalaureate degree in Nursing or higher,12000,Pre/Post-Op Clinical Nurse,Telangana
66,0,1,0,0,0,Other,10000,Safety Companion,Punjab
56,0,0,0,1,0,GED,8000,Client Office Phlebotomist,Karnataka
67,0,0,0,1,0,ASN,8000,Staff Nurse,Punjab
68,0,0,0,1,0,Computer Science,5000,Patient Care Technician,Delhi
25,0,0,0,1,0,Hindi/English Language,30000,Tele Associates,UP
34,1,0,0,1,0,Masters in Library Science,6000,Librarian,AP
10,0,0,0,1,0,High School Diploma/GED equivalent,8000,Health Unit Coordinator-Labor and Delivery,Kerela
96,0,0,0,1,0,Computer Science,45000,Sr Manager,Karnataka
31,1,0,0,0,0,Bachelors degree in Accounting,30000,Junior Accountant,AP
93,0,0,0,1,0,MBBS,30000,Immediate Care Center Physician,Delhi
33,1,0,0,1,0,B.Com/BBA,5000,Salesman,West Bengal
84,0,0,0,1,0,High School Diploma,7000,Performance and Quality Assurance Trainer,Maharashtra
34,1,0,0,1,0,Masters in Library Science,6000,Librarian,AP
51,0,1,0,0,0,High School Diploma,20000,Nuclear Med Tech,Kerala
57,0,1,0,0,0,BSN,5000,Clinical Nurse,Kerala
75,0,0,0,1,0,Dental,30000,Medical Assistant - Ortho,MP
18,1,0,0,1,0,High school diploma or GED,10000,Manufacturing Electrician,UP
74,1,0,0,0,0,MSN,40000,Health Unit Coordinator,AP
64,1,0,0,1,0,MD,10000,Clinical Trial Regulatory Research Specialist,Kashmir
15,1,0,0,1,0,High School or Equivalent (GED),6000,Food Service Worker,Punjab
94,1,0,0,0,0,Computer Science,30000,MFG Process Operator,Delhi
24,1,0,0,0,0,UG/PG,12000,Sales Associates,Karnataka
89,0,0,0,1,0,MBBS,50000,Transplant Assistant,Delhi
7,1,0,0,1,0,Bachelor's degree in psychology,10000,Intake Coordinator,Karnataka
91,0,0,0,1,0,MBBS,25000,OB Tech - Maternity Services,Kashmir
49,1,0,0,1,0,PMP certification,45000,Project Manager,Tamil Nadu
54,0,0,0,1,0,Computer Science,45000,Project Manager,Gujarat
64,1,0,0,1,0,MD,10000,Clinical Trial Regulatory Research Specialist,Kashmir
46,1,0,0,0,0,M.D./M.S. in Medicine,25000,Physician ,Punjab
78,1,0,0,1,0,MBBS,45000,Radiographer,Delhi
57,0,1,0,0,0,BSN,5000,Clinical Nurse,Kerala
28,1,0,0,1,0,UG/PG in Management,40000,Assistant Project Manger,Karnataka
41,1,0,0,0,0,Diploma in Electrical Engineering,20000,Manufacturing Electrician,AP
22,0,0,0,1,0,PG degree in financial management,20000,Manager- Finance & Administration,Maharashtra
95,1,1,0,0,0,ASN,9000,Sterilizing Tech,Maharashtra
33,1,0,0,1,0,B.Com/BBA,5000,Salesman,West Bengal
80,0,1,0,1,0,ASN,15000,Home Infusion Pharmacy Tech,Karnataka
2,1,0,0,1,0,Other,5000,Production Operator-2nd Shift,Kerela
1,1,0,0,0,0,Bachelors degree,9000,Distribution Operations,Maharashtra
69,0,1,0,1,0,MSN,6000,Patient Safety Technician,Delhi
87,0,0,0,1,0,D Pharma,8000,Clinical Pharmacist,Gujarat
13,1,0,0,1,0,Doctoral,15000,Physician ,Delhi
6,1,0,0,0,0,Chemical Engineering,9000,Quality Engineer,Tamil Nadu
18,1,0,0,1,0,High school diploma or GED,10000,Manufacturing Electrician,UP
68,0,0,0,1,0,Computer Science,5000,Patient Care Technician,Delhi
46,1,0,0,0,0,M.D./M.S. in Medicine,25000,Physician ,Punjab
39,1,1,0,0,0,Bachelors Degree in Finance,35000,Insurance Adviser,West Bengal
68,0,0,0,1,0,Computer Science,5000,Patient Care Technician,Delhi
4,1,0,1,1,0,High School diploma,12000,Materials Service Coordinator II,Kashmir
50,0,1,1,1,0,High School Diploma,10000,Lab Technician,Dehradun
62,0,0,0,0,0,BSN,5000,Staff Nurse Outpatient,Kerala
80,0,1,0,1,0,ASN,15000,Home Infusion Pharmacy Tech,Karnataka
64,1,0,0,1,0,MD,10000,Clinical Trial Regulatory Research Specialist,Kashmir
85,0,0,0,1,0,ASN,5000,Medical Assistant,Kerala
96,0,0,0,1,0,Computer Science,45000,Sr Manager,Karnataka
62,0,0,0,0,0,BSN,5000,Staff Nurse Outpatient,Kerala
18,1,0,0,1,0,High school diploma or GED,10000,Manufacturing Electrician,UP
18,1,0,0,1,0,High school diploma or GED,10000,Manufacturing Electrician,UP
37,0,0,0,0,1,B.Ed in Education,9000,Teacher/Tutor,Punjab
39,1,1,0,0,0,Bachelors Degree in Finance,35000,Insurance Adviser,West Bengal
96,0,0,0,1,0,Computer Science,45000,Sr Manager,Karnataka
43,0,0,0,1,0,B.Ed in Education,30000,Superintendent Posts,Maharashtra
43,0,0,0,1,0,B.Ed in Education,30000,Superintendent Posts,Maharashtra
96,0,0,0,1,0,Computer Science,45000,Sr Manager,Karnataka
39,1,1,0,0,0,Bachelors Degree in Finance,35000,Insurance Adviser,West Bengal
83,0,1,0,1,0,ASN,10000,Safety Companion,Punjab
7,1,0,0,1,0,Bachelor's degree in psychology,10000,Intake Coordinator,Karnataka
45,1,1,0,0,0,High School or Equivalent (GED),13000,Food Service Worker,Maharashtra
96,0,0,0,1,0,Computer Science,45000,Sr Manager,Karnataka
48,1,0,0,1,0,High School or Equivalent (GED),20000,Stationary Shop Owner,Delhi
42,1,0,0,0,1,B.E./B.Tech,25000,Assistant Engineer,West Bengal
34,1,0,0,1,0,Masters in Library Science,6000,Librarian,AP
20,1,0,0,1,0,Communication,50000,Digital Seller On-Boarding Program,Delhi
70,1,0,0,1,0,High School Diploma,15000,Manufacturing Technician,Karnataka
58,0,0,0,1,0,ASN,6000,Nurse Practitioner,Kerala
60,0,1,0,1,0,BSN,5000,Patient Care Technician,Maharashtra
61,0,1,0,1,0,Bachelor in Sonography,6000,Sonographer,Maharashtra
45,1,1,0,0,0,High School or Equivalent (GED),13000,Food Service Worker,Maharashtra
89,0,0,0,1,0,MBBS,50000,Transplant Assistant,Delhi
64,1,0,0,1,0,MD,10000,Clinical Trial Regulatory Research Specialist,Kashmir
21,1,0,0,0,0,UG,25000,Non Sales Associate,Punjab
7,1,0,0,1,0,Bachelor's degree in psychology,10000,Intake Coordinator,Karnataka
12,1,1,0,0,0,High School Diploma/GED equivalent,6000,Production Operator-3rd Shift,Gujrat
96,0,0,0,1,0,Computer Science,45000,Sr Manager,Karnataka
71,0,0,0,1,0,Computer Science,25000,ED Technician,Maharashtra
24,1,0,0,0,0,UG/PG,12000,Sales Associates,Karnataka
40,1,1,0,1,0,High School Diploma/GED equivalent,4000,Packer ,UP
46,1,0,0,0,0,M.D./M.S. in Medicine,25000,Physician ,Punjab
21,1,0,0,0,0,UG,25000,Non Sales Associate,Punjab
92,0,0,0,1,0,ASN,15000,Float Clinical Nurse- Regional Medical Group,Tamil Nadu
88,0,0,0,0,0,Computer Science,25000,Registered Neurodiagnostic Technician (Nights),Telangana
35,1,0,0,1,0,Chemical Engineering,10000,Quality Engineer,UP
41,1,0,0,0,0,Diploma in Electrical Engineering,20000,Manufacturing Electrician,AP
66,0,1,0,0,0,Other,10000,Safety Companion,Punjab
12,1,1,0,0,0,High School Diploma/GED equivalent,6000,Production Operator-3rd Shift,Gujrat
26,0,0,1,1,0,B.Ed in Education,5000,Drama Teacher,MP
36,1,0,0,1,0,High School Diploma,40000,Environmental Service Technician,Kerela
62,0,0,0,0,0,BSN,5000,Staff Nurse Outpatient,Kerala
43,0,0,0,1,0,B.Ed in Education,30000,Superintendent Posts,Maharashtra
3,1,0,0,1,1,Masters,8000,Teacher/Tutor,MP
63,0,0,0,0,0,BSN,8000,Float Clinical Nurse,Gujarat
43,0,0,0,1,0,B.Ed in Education,30000,Superintendent Posts,Maharashtra
40,1,1,0,1,0,High School Diploma/GED equivalent,4000,Packer ,UP
96,0,0,0,1,0,Computer Science,45000,Sr Manager,Karnataka
22,0,0,0,1,0,PG degree in financial management,20000,Manager- Finance & Administration,Maharashtra
56,0,0,0,1,0,GED,8000,Client Office Phlebotomist,Karnataka
80,0,1,0,1,0,ASN,15000,Home Infusion Pharmacy Tech,Karnataka
5,0,0,0,1,0,Bachelors degree,25000,Financial Counselor,Maharashtra
39,1,1,0,0,0,Bachelors Degree in Finance,35000,Insurance Adviser,West Bengal
73,1,0,0,0,0,BSN,25000,Certified Medical Assistant,West Bengal
45,1,1,0,0,0,High School or Equivalent (GED),13000,Food Service Worker,Maharashtra
4,1,0,1,1,0,High School diploma,12000,Materials Service Coordinator II,Kashmir
93,0,0,0,1,0,MBBS,30000,Immediate Care Center Physician,Delhi
94,1,0,0,0,0,Computer Science,30000,MFG Process Operator,Delhi
48,1,0,0,1,0,High School or Equivalent (GED),20000,Stationary Shop Owner,Delhi
97,1,0,0,1,0,Computer Science,40000,Resource Coordinator Imaging,Delhi
33,1,0,0,1,0,B.Com/BBA,5000,Salesman,West Bengal
55,1,0,0,1,0,Computer Science,40000,Quality Manager,Maharashtra
45,1,1,0,0,0,High School or Equivalent (GED),13000,Food Service Worker,Maharashtra
21,1,0,0,0,0,UG,25000,Non Sales Associate,Punjab
5,0,0,0,1,0,Bachelors degree,25000,Financial Counselor,Maharashtra
19,1,0,0,1,0,3 years of experience in acute healthcare setting,45000,HB Coding Analyst,Maharashtra
74,1,0,0,0,0,MSN,40000,Health Unit Coordinator,AP
76,1,1,0,1,0,ASN,15000,Client Office Phlebotomist,Maharashtra
6,1,0,0,0,0,Chemical Engineering,9000,Quality Engineer,Tamil Nadu
73,1,0,0,0,0,BSN,25000,Certified Medical Assistant,West Bengal
54,0,0,0,1,0,Computer Science,45000,Project Manager,Gujarat
26,0,0,1,1,0,B.Ed in Education,5000,Drama Teacher,MP
15,1,0,0,1,0,High School or Equivalent (GED),6000,Food Service Worker,Punjab
7,1,0,0,1,0,Bachelor's degree in psychology,10000,Intake Coordinator,Karnataka
72,0,0,0,1,0,HR Analytics,35000,Resource Operator,Telangana
10,0,0,0,1,0,High School Diploma/GED equivalent,8000,Health Unit Coordinator-Labor and Delivery,Kerela
44,1,0,0,1,0,B.E./B.Tech,10000,Junior Engineer,Kerela
61,0,1,0,1,0,Bachelor in Sonography,6000,Sonographer,Maharashtra
69,0,1,0,1,0,MSN,6000,Patient Safety Technician,Delhi
44,1,0,0,1,0,B.E./B.Tech,10000,Junior Engineer,Kerela
3,1,0,0,1,1,Masters,8000,Teacher/Tutor,MP
41,1,0,0,0,0,Diploma in Electrical Engineering,20000,Manufacturing Electrician,AP
5,0,0,0,1,0,Bachelors degree,25000,Financial Counselor,Maharashtra
7,1,0,0,1,0,Bachelor's degree in psychology,10000,Intake Coordinator,Karnataka
19,1,0,0,1,0,3 years of experience in acute healthcare setting,45000,HB Coding Analyst,Maharashtra
25,0,0,0,1,0,Hindi/English Language,30000,Tele Associates,UP
72,0,0,0,1,0,HR Analytics,35000,Resource Operator,Telangana
84,0,0,0,1,0,High School Diploma,7000,Performance and Quality Assurance Trainer,Maharashtra
12,1,1,0,0,0,High School Diploma/GED equivalent,6000,Production Operator-3rd Shift,Gujrat
63,0,0,0,0,0,BSN,8000,Float Clinical Nurse,Gujarat
34,1,0,0,1,0,Masters in Library Science,6000,Librarian,AP
60,0,1,0,1,0,BSN,5000,Patient Care Technician,Maharashtra
51,0,1,0,0,0,High School Diploma,20000,Nuclear Med Tech,Kerala
32,1,0,0,1,0,HSE,8000,Postman,MP
23,1,0,0,0,0,UG/PG,45000,English Teacher,Delhi
8,0,0,0,1,0,Baccalaureate degree in Nursing or higher,12000,Pre/Post-Op Clinical Nurse,Telangana
39,1,1,0,0,0,Bachelors Degree in Finance,35000,Insurance Adviser,West Bengal
2,1,0,0,1,0,Other,5000,Production Operator-2nd Shift,Kerela
94,1,0,0,0,0,Computer Science,30000,MFG Process Operator,Delhi
26,0,0,1,1,0,B.Ed in Education,5000,Drama Teacher,MP
16,1,0,0,0,0,Bachelor's degree in psychology,4500,Intake Coordinator - Psychiatry,West Bengal
86,0,0,0,0,0,High School Diploma,15000,Operator Services Specialist,Kashmir
92,0,0,0,1,0,ASN,15000,Float Clinical Nurse- Regional Medical Group,Tamil Nadu
45,1,1,0,0,0,High School or Equivalent (GED),13000,Food Service Worker,Maharashtra
56,0,0,0,1,0,GED,8000,Client Office Phlebotomist,Karnataka
92,0,0,0,1,0,ASN,15000,Float Clinical Nurse- Regional Medical Group,Tamil Nadu
86,0,0,0,0,0,High School Diploma,15000,Operator Services Specialist,Kashmir
82,0,0,0,1,0,ASN,10000,Patient Access Specialist,Maharashtra
52,0,0,0,1,0,MBBS,30000,Adult Psychiatrist,Maharashtra
35,1,0,0,1,0,Chemical Engineering,10000,Quality Engineer,UP
63,0,0,0,0,0,BSN,8000,Float Clinical Nurse,Gujarat
79,1,0,0,0,0,Computer Science,30000,Procedure Technician,Maharashtra
26,0,0,1,1,0,B.Ed in Education,5000,Drama Teacher,MP
51,0,1,0,0,0,High School Diploma,20000,Nuclear Med Tech,Kerala
74,1,0,0,0,0,MSN,40000,Health Unit Coordinator,AP
92,0,0,0,1,0,ASN,15000,Float Clinical Nurse- Regional Medical Group,Tamil Nadu
57,0,1,0,0,0,BSN,5000,Clinical Nurse,Kerala
66,0,1,0,0,0,Other,10000,Safety Companion,Punjab
25,0,0,0,1,0,Hindi/English Language,30000,Tele Associates,UP
18,1,0,0,1,0,High school diploma or GED,10000,Manufacturing Electrician,UP
5,0,0,0,1,0,Bachelors degree,25000,Financial Counselor,Maharashtra
50,0,1,1,1,0,High School Diploma,10000,Lab Technician,Dehradun
27,1,0,0,0,0,UG/PG,45000,English Teacher,UP
63,0,0,0,0,0,BSN,8000,Float Clinical Nurse,Gujarat
44,1,0,0,1,0,B.E./B.Tech,10000,Junior Engineer,Kerela
27,1,0,0,0,0,UG/PG,45000,English Teacher,UP
62,0,0,0,0,0,BSN,5000,Staff Nurse Outpatient,Kerala
78,1,0,0,1,0,MBBS,45000,Radiographer,Delhi
7,1,0,0,1,0,Bachelor's degree in psychology,10000,Intake Coordinator,Karnataka
26,0,0,1,1,0,B.Ed in Education,5000,Drama Teacher,MP
98,0,0,0,1,0,D Pharma,9000,Home Infusion Pharmacist,Kashmir
23,1,0,0,0,0,UG/PG,45000,English Teacher,Delhi
56,0,0,0,1,0,GED,8000,Client Office Phlebotomist,Karnataka
68,0,0,0,1,0,Computer Science,5000,Patient Care Technician,Delhi
30,0,0,0,1,0,PG,42000,Circle Based Officer,Tamil Nadu
26,0,0,1,1,0,B.Ed in Education,5000,Drama Teacher,MP
64,1,0,0,1,0,MD,10000,Clinical Trial Regulatory Research Specialist,Kashmir
88,0,0,0,0,0,Computer Science,25000,Registered Neurodiagnostic Technician (Nights),Telangana
32,1,0,0,1,0,HSE,8000,Postman,MP
43,0,0,0,1,0,B.Ed in Education,30000,Superintendent Posts,Maharashtra
19,1,0,0,1,0,3 years of experience in acute healthcare setting,45000,HB Coding Analyst,Maharashtra
61,0,1,0,1,0,Bachelor in Sonography,6000,Sonographer,Maharashtra
1,1,0,0,0,0,Bachelors degree,9000,Distribution Operations,Maharashtra
49,1,0,0,1,0,PMP certification,45000,Project Manager,Tamil Nadu
24,1,0,0,0,0,UG/PG,12000,Sales Associates,Karnataka
12,1,1,0,0,0,High School Diploma/GED equivalent,6000,Production Operator-3rd Shift,Gujrat
9,0,0,0,1,0,MBBS,30000,Medical Assistant,Maharashtra
94,1,0,0,0,0,Computer Science,30000,MFG Process Operator,Delhi
72,0,0,0,1,0,HR Analytics,35000,Resource Operator,Telangana
91,0,0,0,1,0,MBBS,25000,OB Tech - Maternity Services,Kashmir
45,1,1,0,0,0,High School or Equivalent (GED),13000,Food Service Worker,Maharashtra
58,0,0,0,1,0,ASN,6000,Nurse Practitioner,Kerala
93,0,0,0,1,0,MBBS,30000,Immediate Care Center Physician,Delhi
67,0,0,0,1,0,ASN,8000,Staff Nurse,Punjab
42,1,0,0,0,1,B.E./B.Tech,25000,Assistant Engineer,West Bengal
22,0,0,0,1,0,PG degree in financial management,20000,Manager- Finance & Administration,Maharashtra
7,1,0,0,1,0,Bachelor's degree in psychology,10000,Intake Coordinator,Karnataka
8,0,0,0,1,0,Baccalaureate degree in Nursing or higher,12000,Pre/Post-Op Clinical Nurse,Telangana
69,0,1,0,1,0,MSN,6000,Patient Safety Technician,Delhi
45,1,1,0,0,0,High School or Equivalent (GED),13000,Food Service Worker,Maharashtra
29,1,0,0,0,0,High School Diploma/GED equivalent,7000,Warehouse/Forklift Operator,Kerela
55,1,0,0,1,0,Computer Science,40000,Quality Manager,Maharashtra
97,1,0,0,1,0,Computer Science,40000,Resource Coordinator Imaging,Delhi
38,0,1,0,0,0,Bachelors Degree,15000,Financial Counselor,Delhi
15,1,0,0,1,0,High School or Equivalent (GED),6000,Food Service Worker,Punjab
23,1,0,0,0,0,UG/PG,45000,English Teacher,Delhi
11,0,0,0,1,0,High School diploma,10000,Patient Access Specialist,Tamil Nadu
13,1,0,0,1,0,Doctoral,15000,Physician ,Delhi
11,0,0,0,1,0,High School diploma,10000,Patient Access Specialist,Tamil Nadu
4,1,0,1,1,0,High School diploma,12000,Materials Service Coordinator II,Kashmir
32,1,0,0,1,0,HSE,8000,Postman,MP
35,1,0,0,1,0,Chemical Engineering,10000,Quality Engineer,UP
84,0,0,0,1,0,High School Diploma,7000,Performance and Quality Assurance Trainer,Maharashtra
71,0,0,0,1,0,Computer Science,25000,ED Technician,Maharashtra
92,0,0,0,1,0,ASN,15000,Float Clinical Nurse- Regional Medical Group,Tamil Nadu
34,1,0,0,1,0,Masters in Library Science,6000,Librarian,AP
60,0,1,0,1,0,BSN,5000,Patient Care Technician,Maharashtra
40,1,1,0,1,0,High School Diploma/GED equivalent,4000,Packer ,UP
76,1,1,0,1,0,ASN,15000,Client Office Phlebotomist,Maharashtra
51,0,1,0,0,0,High School Diploma,20000,Nuclear Med Tech,Kerala
80,0,1,0,1,0,ASN,15000,Home Infusion Pharmacy Tech,Karnataka
51,0,1,0,0,0,High School Diploma,20000,Nuclear Med Tech,Kerala
45,1,1,0,0,0,High School or Equivalent (GED),13000,Food Service Worker,Maharashtra
41,1,0,0,0,0,Diploma in Electrical Engineering,20000,Manufacturing Electrician,AP
10,0,0,0,1,0,High School Diploma/GED equivalent,8000,Health Unit Coordinator-Labor and Delivery,Kerela
26,0,0,1,1,0,B.Ed in Education,5000,Drama Teacher,MP
51,0,1,0,0,0,High School Diploma,20000,Nuclear Med Tech,Kerala
0,1,0,0,1,0,High School Diploma/GED Equivalency,6000,"Installation, Maintenance and Repair",UP
51,0,1,0,0,0,High School Diploma,20000,Nuclear Med Tech,Kerala
51,0,1,0,0,0,High School Diploma,20000,Nuclear Med Tech,Kerala
16,1,0,0,0,0,Bachelor's degree in psychology,4500,Intake Coordinator - Psychiatry,West Bengal
70,1,0,0,1,0,High School Diploma,15000,Manufacturing Technician,Karnataka
52,0,0,0,1,0,MBBS,30000,Adult Psychiatrist,Maharashtra
30,0,0,0,1,0,PG,42000,Circle Based Officer,Tamil Nadu
23,1,0,0,0,0,UG/PG,45000,English Teacher,Delhi
94,1,0,0,0,0,Computer Science,30000,MFG Process Operator,Delhi
70,1,0,0,1,0,High School Diploma,15000,Manufacturing Technician,Karnataka
23,1,0,0,0,0,UG/PG,45000,English Teacher,Delhi
92,0,0,0,1,0,ASN,15000,Float Clinical Nurse- Regional Medical Group,Tamil Nadu
22,0,0,0,1,0,PG degree in financial management,20000,Manager- Finance & Administration,Maharashtra
98,0,0,0,1,0,D Pharma,9000,Home Infusion Pharmacist,Kashmir
66,0,1,0,0,0,Other,10000,Safety Companion,Punjab
43,0,0,0,1,0,B.Ed in Education,30000,Superintendent Posts,Maharashtra
59,1,1,0,0,0,BSN,7000,Phlebotomist IHR,Tamil Nadu
38,0,1,0,0,0,Bachelors Degree,15000,Financial Counselor,Delhi
44,1,0,0,1,0,B.E./B.Tech,10000,Junior Engineer,Kerela
98,0,0,0,1,0,D Pharma,9000,Home Infusion Pharmacist,Kashmir
88,0,0,0,0,0,Computer Science,25000,Registered Neurodiagnostic Technician (Nights),Telangana
18,1,0,0,1,0,High school diploma or GED,10000,Manufacturing Electrician,UP
77,0,1,0,1,0,BSN,20000,Sleep Medicine Patient Navigator,Kashmir
10,0,0,0,1,0,High School Diploma/GED equivalent,8000,Health Unit Coordinator-Labor and Delivery,Kerela
30,0,0,0,1,0,PG,42000,Circle Based Officer,Tamil Nadu
29,1,0,0,0,0,High School Diploma/GED equivalent,7000,Warehouse/Forklift Operator,Kerela
85,0,0,0,1,0,ASN,5000,Medical Assistant,Kerala
96,0,0,0,1,0,Computer Science,45000,Sr Manager,Karnataka
92,0,0,0,1,0,ASN,15000,Float Clinical Nurse- Regional Medical Group,Tamil Nadu
35,1,0,0,1,0,Chemical Engineering,10000,Quality Engineer,UP
22,0,0,0,1,0,PG degree in financial management,20000,Manager- Finance & Administration,Maharashtra
49,1,0,0,1,0,PMP certification,45000,Project Manager,Tamil Nadu
76,1,1,0,1,0,ASN,15000,Client Office Phlebotomist,Maharashtra
47,1,0,0,1,0,Diploma in Domestic Plumbing,2000,Plumber,AP
25,0,0,0,1,0,Hindi/English Language,30000,Tele Associates,UP
4,1,0,1,1,0,High School diploma,12000,Materials Service Coordinator II,Kashmir
50,0,1,1,1,0,High School Diploma,10000,Lab Technician,Dehradun
82,0,0,0,1,0,ASN,10000,Patient Access Specialist,Maharashtra
21,1,0,0,0,0,UG,25000,Non Sales Associate,Punjab
87,0,0,0,1,0,D Pharma,8000,Clinical Pharmacist,Gujarat
75,0,0,0,1,0,Dental,30000,Medical Assistant - Ortho,MP
47,1,0,0,1,0,Diploma in Domestic Plumbing,2000,Plumber,AP
36,1,0,0,1,0,High School Diploma,40000,Environmental Service Technician,Kerela
69,0,1,0,1,0,MSN,6000,Patient Safety Technician,Delhi
20,1,0,0,1,0,Communication,50000,Digital Seller On-Boarding Program,Delhi
78,1,0,0,1,0,MBBS,45000,Radiographer,Delhi
95,1,1,0,0,0,ASN,9000,Sterilizing Tech,Maharashtra
54,0,0,0,1,0,Computer Science,45000,Project Manager,Gujarat
53,0,0,0,1,0,MBBS,25000,Pulmonologist,Goa
22,0,0,0,1,0,PG degree in financial management,20000,Manager- Finance & Administration,Maharashtra
14,1,0,1,0,0,English Language,3000,Housekeeping Tech,MP
46,1,0,0,0,0,M.D./M.S. in Medicine,25000,Physician ,Punjab
40,1,1,0,1,0,High School Diploma/GED equivalent,4000,Packer ,UP
96,0,0,0,1,0,Computer Science,45000,Sr Manager,Karnataka
41,1,0,0,0,0,Diploma in Electrical Engineering,20000,Manufacturing Electrician,AP
2,1,0,0,1,0,Other,5000,Production Operator-2nd Shift,Kerela
30,0,0,0,1,0,PG,42000,Circle Based Officer,Tamil Nadu
21,1,0,0,0,0,UG,25000,Non Sales Associate,Punjab
73,1,0,0,0,0,BSN,25000,Certified Medical Assistant,West Bengal
35,1,0,0,1,0,Chemical Engineering,10000,Quality Engineer,UP
49,1,0,0,1,0,PMP certification,45000,Project Manager,Tamil Nadu
13,1,0,0,1,0,Doctoral,15000,Physician ,Delhi
13,1,0,0,1,0,Doctoral,15000,Physician ,Delhi
17,1,0,1,0,0,High School Diploma/GED equivalent,7000,Production Operator-3rd Shift,AP
54,0,0,0,1,0,Computer Science,45000,Project Manager,Gujarat
41,1,0,0,0,0,Diploma in Electrical Engineering,20000,Manufacturing Electrician,AP
63,0,0,0,0,0,BSN,8000,Float Clinical Nurse,Gujarat
95,1,1,0,0,0,ASN,9000,Sterilizing Tech,Maharashtra
45,1,1,0,0,0,High School or Equivalent (GED),13000,Food Service Worker,Maharashtra
55,1,0,0,1,0,Computer Science,40000,Quality Manager,Maharashtra
3,1,0,0,1,1,Masters,8000,Teacher/Tutor,MP
31,1,0,0,0,0,Bachelors degree in Accounting,30000,Junior Accountant,AP
64,1,0,0,1,0,MD,10000,Clinical Trial Regulatory Research Specialist,Kashmir
45,1,1,0,0,0,High School or Equivalent (GED),13000,Food Service Worker,Maharashtra
57,0,1,0,0,0,BSN,5000,Clinical Nurse,Kerala
36,1,0,0,1,0,High School Diploma,40000,Environmental Service Technician,Kerela
78,1,0,0,1,0,MBBS,45000,Radiographer,Delhi
91,0,0,0,1,0,MBBS,25000,OB Tech - Maternity Services,Kashmir
20,1,0,0,1,0,Communication,50000,Digital Seller On-Boarding Program,Delhi
22,0,0,0,1,0,PG degree in financial management,20000,Manager- Finance & Administration,Maharashtra
57,0,1,0,0,0,BSN,5000,Clinical Nurse,Kerala
36,1,0,0,1,0,High School Diploma,40000,Environmental Service Technician,Kerela
0,1,0,0,1,0,High School Diploma/GED Equivalency,6000,"Installation, Maintenance and Repair",UP
37,0,0,0,0,1,B.Ed in Education,9000,Teacher/Tutor,Punjab
30,0,0,0,1,0,PG,42000,Circle Based Officer,Tamil Nadu
89,0,0,0,1,0,MBBS,50000,Transplant Assistant,Delhi
60,0,1,0,1,0,BSN,5000,Patient Care Technician,Maharashtra
15,1,0,0,1,0,High School or Equivalent (GED),6000,Food Service Worker,Punjab
19,1,0,0,1,0,3 years of experience in acute healthcare setting,45000,HB Coding Analyst,Maharashtra
7,1,0,0,1,0,Bachelor's degree in psychology,10000,Intake Coordinator,Karnataka
40,1,1,0,1,0,High School Diploma/GED equivalent,4000,Packer ,UP
90,0,1,0,0,0,ASN,20000,Patient Access Specialist,Delhi
78,1,0,0,1,0,MBBS,45000,Radiographer,Delhi
68,0,0,0,1,0,Computer Science,5000,Patient Care Technician,Delhi
61,0,1,0,1,0,Bachelor in Sonography,6000,Sonographer,Maharashtra
41,1,0,0,0,0,Diploma in Electrical Engineering,20000,Manufacturing Electrician,AP
58,0,0,0,1,0,ASN,6000,Nurse Practitioner,Kerala
58,0,0,0,1,0,ASN,6000,Nurse Practitioner,Kerala
44,1,0,0,1,0,B.E./B.Tech,10000,Junior Engineer,Kerela
69,0,1,0,1,0,MSN,6000,Patient Safety Technician,Delhi
25,0,0,0,1,0,Hindi/English Language,30000,Tele Associates,UP
55,1,0,0,1,0,Computer Science,40000,Quality Manager,Maharashtra
3,1,0,0,1,1,Masters,8000,Teacher/Tutor,MP
34,1,0,0,1,0,Masters in Library Science,6000,Librarian,AP
45,1,1,0,0,0,High School or Equivalent (GED),13000,Food Service Worker,Maharashtra
0,1,0,0,1,0,High School Diploma/GED Equivalency,6000,"Installation, Maintenance and Repair",UP
95,1,1,0,0,0,ASN,9000,Sterilizing Tech,Maharashtra
25,0,0,0,1,0,Hindi/English Language,30000,Tele Associates,UP
78,1,0,0,1,0,MBBS,45000,Radiographer,Delhi
54,0,0,0,1,0,Computer Science,45000,Project Manager,Gujarat
97,1,0,0,1,0,Computer Science,40000,Resource Coordinator Imaging,Delhi
50,0,1,1,1,0,High School Diploma,10000,Lab Technician,Dehradun
67,0,0,0,1,0,ASN,8000,Staff Nurse,Punjab
27,1,0,0,0,0,UG/PG,45000,English Teacher,UP
16,1,0,0,0,0,Bachelor's degree in psychology,4500,Intake Coordinator - Psychiatry,West Bengal
94,1,0,0,0,0,Computer Science,30000,MFG Process Operator,Delhi
44,1,0,0,1,0,B.E./B.Tech,10000,Junior Engineer,Kerela
66,0,1,0,0,0,Other,10000,Safety Companion,Punjab
89,0,0,0,1,0,MBBS,50000,Transplant Assistant,Delhi
86,0,0,0,0,0,High School Diploma,15000,Operator Services Specialist,Kashmir
36,1,0,0,1,0,High School Diploma,40000,Environmental Service Technician,Kerela
82,0,0,0,1,0,ASN,10000,Patient Access Specialist,Maharashtra
97,1,0,0,1,0,Computer Science,40000,Resource Coordinator Imaging,Delhi
42,1,0,0,0,1,B.E./B.Tech,25000,Assistant Engineer,West Bengal
62,0,0,0,0,0,BSN,5000,Staff Nurse Outpatient,Kerala
53,0,0,0,1,0,MBBS,25000,Pulmonologist,Goa
43,0,0,0,1,0,B.Ed in Education,30000,Superintendent Posts,Maharashtra
61,0,1,0,1,0,Bachelor in Sonography,6000,Sonographer,Maharashtra
31,1,0,0,0,0,Bachelors degree in Accounting,30000,Junior Accountant,AP
49,1,0,0,1,0,PMP certification,45000,Project Manager,Tamil Nadu
60,0,1,0,1,0,BSN,5000,Patient Care Technician,Maharashtra
89,0,0,0,1,0,MBBS,50000,Transplant Assistant,Delhi
23,1,0,0,0,0,UG/PG,45000,English Teacher,Delhi
6,1,0,0,0,0,Chemical Engineering,9000,Quality Engineer,Tamil Nadu
19,1,0,0,1,0,3 years of experience in acute healthcare setting,45000,HB Coding Analyst,Maharashtra
35,1,0,0,1,0,Chemical Engineering,10000,Quality Engineer,UP
39,1,1,0,0,0,Bachelors Degree in Finance,35000,Insurance Adviser,West Bengal
65,1,1,0,1,0,MBBS,25000,Telemetry Technician,Maharashtra
35,1,0,0,1,0,Chemical Engineering,10000,Quality Engineer,UP
80,0,1,0,1,0,ASN,15000,Home Infusion Pharmacy Tech,Karnataka
26,0,0,1,1,0,B.Ed in Education,5000,Drama Teacher,MP
81,0,0,0,1,0,ASN,15000,Patient Educator-RN,Kerala
19,1,0,0,1,0,3 years of experience in acute healthcare setting,45000,HB Coding Analyst,Maharashtra
87,0,0,0,1,0,D Pharma,8000,Clinical Pharmacist,Gujarat
46,1,0,0,0,0,M.D./M.S. in Medicine,25000,Physician ,Punjab
54,0,0,0,1,0,Computer Science,45000,Project Manager,Gujarat
73,1,0,0,0,0,BSN,25000,Certified Medical Assistant,West Bengal
50,0,1,1,1,0,High School Diploma,10000,Lab Technician,Dehradun
86,0,0,0,0,0,High School Diploma,15000,Operator Services Specialist,Kashmir
77,0,1,0,1,0,BSN,20000,Sleep Medicine Patient Navigator,Kashmir
68,0,0,0,1,0,Computer Science,5000,Patient Care Technician,Delhi
6,1,0,0,0,0,Chemical Engineering,9000,Quality Engineer,Tamil Nadu
90,0,1,0,0,0,ASN,20000,Patient Access Specialist,Delhi
36,1,0,0,1,0,High School Diploma,40000,Environmental Service Technician,Kerela
17,1,0,1,0,0,High School Diploma/GED equivalent,7000,Production Operator-3rd Shift,AP
82,0,0,0,1,0,ASN,10000,Patient Access Specialist,Maharashtra
97,1,0,0,1,0,Computer Science,40000,Resource Coordinator Imaging,Delhi
47,1,0,0,1,0,Diploma in Domestic Plumbing,2000,Plumber,AP
85,0,0,0,1,0,ASN,5000,Medical Assistant,Kerala
34,1,0,0,1,0,Masters in Library Science,6000,Librarian,AP
31,1,0,0,0,0,Bachelors degree in Accounting,30000,Junior Accountant,AP
98,0,0,0,1,0,D Pharma,9000,Home Infusion Pharmacist,Kashmir
72,0,0,0,1,0,HR Analytics,35000,Resource Operator,Telangana
68,0,0,0,1,0,Computer Science,5000,Patient Care Technician,Delhi
12,1,1,0,0,0,High School Diploma/GED equivalent,6000,Production Operator-3rd Shift,Gujrat
60,0,1,0,1,0,BSN,5000,Patient Care Technician,Maharashtra
50,0,1,1,1,0,High School Diploma,10000,Lab Technician,Dehradun
62,0,0,0,0,0,BSN,5000,Staff Nurse Outpatient,Kerala
6,1,0,0,0,0,Chemical Engineering,9000,Quality Engineer,Tamil Nadu
24,1,0,0,0,0,UG/PG,12000,Sales Associates,Karnataka
56,0,0,0,1,0,GED,8000,Client Office Phlebotomist,Karnataka
12,1,1,0,0,0,High School Diploma/GED equivalent,6000,Production Operator-3rd Shift,Gujrat
47,1,0,0,1,0,Diploma in Domestic Plumbing,2000,Plumber,AP
95,1,1,0,0,0,ASN,9000,Sterilizing Tech,Maharashtra
67,0,0,0,1,0,ASN,8000,Staff Nurse,Punjab
82,0,0,0,1,0,ASN,10000,Patient Access Specialist,Maharashtra
32,1,0,0,1,0,HSE,8000,Postman,MP
0,1,0,0,1,0,High School Diploma/GED Equivalency,6000,"Installation, Maintenance and Repair",UP
2,1,0,0,1,0,Other,5000,Production Operator-2nd Shift,Kerela
54,0,0,0,1,0,Computer Science,45000,Project Manager,Gujarat
39,1,1,0,0,0,Bachelors Degree in Finance,35000,Insurance Adviser,West Bengal
10,0,0,0,1,0,High School Diploma/GED equivalent,8000,Health Unit Coordinator-Labor and Delivery,Kerela
18,1,0,0,1,0,High school diploma or GED,10000,Manufacturing Electrician,UP
33,1,0,0,1,0,B.Com/BBA,5000,Salesman,West Bengal
31,1,0,0,0,0,Bachelors degree in Accounting,30000,Junior Accountant,AP
41,1,0,0,0,0,Diploma in Electrical Engineering,20000,Manufacturing Electrician,AP
33,1,0,0,1,0,B.Com/BBA,5000,Salesman,West Bengal
55,1,0,0,1,0,Computer Science,40000,Quality Manager,Maharashtra
91,0,0,0,1,0,MBBS,25000,OB Tech - Maternity Services,Kashmir
62,0,0,0,0,0,BSN,5000,Staff Nurse Outpatient,Kerala
